{"initial_angles": [6.247915059513432, 5.76954387382362, 0.8267356672486353], "Molecule": "H2", "num_shots": 10000, "geometry": [["H", [0.0, 0.0, 0.0]], ["H", [0.0, 0.0, 0.74]]]}