{"initial_angles": [0.42171451963907247, 5.393755307514153, 3.7495146784690045], "Molecule": "H2", "num_shots": 10000, "geometry": [["H", [0.0, 0.0, 0.0]], ["H", [0.0, 0.0, 0.74]]]}