{"initial_angles": [1.067506405455025, 3.6250653320442328, 3.8909874039325874], "Molecule": "H2", "num_shots": 10000, "geometry": [["H", [0.0, 0.0, 0.0]], ["H", [0.0, 0.0, 0.74]]]}