{"initial_angles": [3.3114168923887903, 0.2503566463196785, 4.970462751316309], "Molecule": "H2", "num_shots": 10000, "geometry": [["H", [0.0, 0.0, 0.0]], ["H", [0.0, 0.0, 0.74]]]}