{"initial_angles": [0.15437615300437038, 3.1029672056130484, 1.8927499938446684], "Molecule": "H2", "num_shots": 10000, "geometry": [["H", [0.0, 0.0, 0.0]], ["H", [0.0, 0.0, 0.74]]]}