{"initial_angles": [3.1486927944582557, 3.7181635813952285, 3.6016201751606185], "Molecule": "H2", "num_shots": 10000, "geometry": [["H", [0.0, 0.0, 0.0]], ["H", [0.0, 0.0, 0.74]]]}