{"initial_angles": [4.029330482119604, 5.819194784538426, 6.263585049149743], "Molecule": "H2", "num_shots": 10000, "geometry": [["H", [0.0, 0.0, 0.0]], ["H", [0.0, 0.0, 0.74]]]}