{"initial_angles": [3.1241755644292866, 1.473426859600117, 5.828836115777288], "Molecule": "H2", "num_shots": 10000, "geometry": [["H", [0.0, 0.0, 0.0]], ["H", [0.0, 0.0, 0.74]]]}