{"initial_angles": [3.2771889966190146, 4.498403579866878, 5.09365792880342], "Molecule": "H2", "num_shots": 10000, "geometry": [["H", [0.0, 0.0, 0.0]], ["H", [0.0, 0.0, 0.74]]]}