{"initial_angles": [1.3281909030660415, 1.0225847757571105, 6.022602961833939], "Molecule": "H2", "num_shots": 10000, "geometry": [["H", [0.0, 0.0, 0.0]], ["H", [0.0, 0.0, 0.74]]]}